<?xml version="1.0" encoding="UTF-8" ?>

<view xmlns="http://www.example.org/nagra">
	<label id="title" x="100" y="100" cssStyle="font-size:25" text="Example EPG with events" />
	<label id="keys1" x="100" y="200" cssStyle="font-size:15" text="Scroll up and down to browse channels."/>
	<label id="keys2" x="100" y="220" cssStyle="font-size:15" text="Press OK (or 1 on emulator) to display events."/>
	<group id="container" x="100" y="260" width="200" height="150" cssClass="highlightedList">
		<clippedGroup id="group" width="200" height="150">
			<pivotList id="channelList" x="10" y="10" itemTemplate="ChannelItem" focusAtTop="false">
				<itemConfig movementPositions="0,-35;0,-15;0,15;0,50;0,85;0,115;0,135" />
			</pivotList>
		</clippedGroup>
	</group>
	<group id="eventContainer" x="320" y="260" width="200" height="150" visible="false" cssClass="unHighlightedList">
		<clippedGroup id="eventGroup" width="150" height="150">
			<pivotList id="eventList" x="10" y="10" itemTemplate="EventItem" focusAtTop="false">
				<itemConfig movementPositions="0,-35;0,-15;0,15;0,50;0,85;0,115;0,135" />
			</pivotList>
		</clippedGroup>
	</group>
	<textArea id="output" x="540" y="270" width="400" height="2000" cssClass="textArea"></textArea>
</view>