﻿<?xml version="1.0" encoding="UTF-8" ?>
<VAST version='2.0' xmlns:xsi='http://www.w3.org/2001/XMLSchema-instance' xsi:noNamespaceSchemaLocation='C:/Users/thorne/Desktop/VAST/VAST2/VAST.xsd'>
	<Ad id='2291331'>
		<InLine>
			<AdSystem version='4.8.1-4+pl1'>LiveRail</AdSystem>

			<AdTitle>
				<![CDATA[LiveRail creative 1]]>
			</AdTitle>

			<Description>
				<![CDATA[]]>
			</Description>

			<Impression id='LR'>
				<![CDATA[http://cwm-jsfw-ci.hq.k.grp/lr.gif]]>
			</Impression>

			<Impression id='QC'>
				<![CDATA[http://pixel.quantserve.com/pixel/p-d05JkuPGiy-jY.gif?labels=inventory.1331,impression.2291331&r=7916]]>
			</Impression>

			<Impression id='CS'>
				<![CDATA[http://b.scorecardresearch.com/p?c1=1&c2=9864668&c3=1331&c4=&c5=09]]>
			</Impression>

			<Creatives>
				<Creative sequence='1' id='331'>
					<Linear skipoffset="30%">
						<Duration>00:00:10</Duration>

						<TrackingEvents>
							<Tracking event='firstQuartile'>
								<![CDATA[http://t4.liverail.com/?metric=view25&pos=0&coid=135&pid=1331&nid=1331&oid=2291331&olid=2291331&cid=331&vid=&amid=&cc=default&pp=&vv=&tt=&sg=&tsg=&pmu=0&pau=0&psz=0&ctx=&tctx=&coty=0&url=http%3A%2F%2Fwww.iab.net%2Fguidelines%2F508676%2Fdigitalvideo%2Fvsuite%2Fvast%2Fvast_copy%2Fvast_xml_samples&cb=7916.81.144.230.130.590&w=&wy=&x=&y=&xy=]]>
							</Tracking>

							<Tracking event='midpoint'>
								<![CDATA[http://t4.liverail.com/?metric=view50&pos=0&coid=135&pid=1331&nid=1331&oid=2291331&olid=2291331&cid=331&vid=&amid=&cc=default&pp=&vv=&tt=&sg=&tsg=&pmu=0&pau=0&psz=0&ctx=&tctx=&coty=0&url=http%3A%2F%2Fwww.iab.net%2Fguidelines%2F508676%2Fdigitalvideo%2Fvsuite%2Fvast%2Fvast_copy%2Fvast_xml_samples&cb=7916.81.144.230.130.590&w=&wy=&x=&y=&xy=]]>
							</Tracking>

							<Tracking event='thirdQuartile'>
								<![CDATA[http://t4.liverail.com/?metric=view75&pos=0&coid=135&pid=1331&nid=1331&oid=2291331&olid=2291331&cid=331&vid=&amid=&cc=default&pp=&vv=&tt=&sg=&tsg=&pmu=0&pau=0&psz=0&ctx=&tctx=&coty=0&url=http%3A%2F%2Fwww.iab.net%2Fguidelines%2F508676%2Fdigitalvideo%2Fvsuite%2Fvast%2Fvast_copy%2Fvast_xml_samples&cb=7916.81.144.230.130.590&w=&wy=&x=&y=&xy=]]>
							</Tracking>

							<Tracking event='complete'>
								<![CDATA[http://t4.liverail.com/?metric=view100&pos=0&coid=135&pid=1331&nid=1331&oid=2291331&olid=2291331&cid=331&vid=&amid=&cc=default&pp=&vv=&tt=&sg=&tsg=&pmu=0&pau=0&psz=0&ctx=&tctx=&coty=0&url=http%3A%2F%2Fwww.iab.net%2Fguidelines%2F508676%2Fdigitalvideo%2Fvsuite%2Fvast%2Fvast_copy%2Fvast_xml_samples&cb=7916.81.144.230.130.590&w=&wy=&x=&y=&xy=]]>
							</Tracking>

							<Tracking event='mute'>
								<![CDATA[http://t4.liverail.com/?metric=mute&pos=0&coid=135&pid=1331&nid=1331&oid=2291331&olid=2291331&cid=331&vid=&amid=&cc=default&pp=&vv=&tt=&sg=&tsg=&pmu=0&pau=0&psz=0&ctx=&tctx=&coty=0&url=http%3A%2F%2Fwww.iab.net%2Fguidelines%2F508676%2Fdigitalvideo%2Fvsuite%2Fvast%2Fvast_copy%2Fvast_xml_samples&cb=7916.81.144.230.130.590&w=&wy=&x=&y=&xy=]]>
							</Tracking>

							<Tracking event='unmute'>
								<![CDATA[http://t4.liverail.com/?metric=unmute&pos=0&coid=135&pid=1331&nid=1331&oid=2291331&olid=2291331&cid=331&vid=&amid=&cc=default&pp=&vv=&tt=&sg=&tsg=&pmu=0&pau=0&psz=0&ctx=&tctx=&coty=0&url=http%3A%2F%2Fwww.iab.net%2Fguidelines%2F508676%2Fdigitalvideo%2Fvsuite%2Fvast%2Fvast_copy%2Fvast_xml_samples&cb=7916.81.144.230.130.590&w=&wy=&x=&y=&xy=]]>
							</Tracking>

							<Tracking event='pause'>
								<![CDATA[http://t4.liverail.com/?metric=pause&pos=0&coid=135&pid=1331&nid=1331&oid=2291331&olid=2291331&cid=331&vid=&amid=&cc=default&pp=&vv=&tt=&sg=&tsg=&pmu=0&pau=0&psz=0&ctx=&tctx=&coty=0&url=http%3A%2F%2Fwww.iab.net%2Fguidelines%2F508676%2Fdigitalvideo%2Fvsuite%2Fvast%2Fvast_copy%2Fvast_xml_samples&cb=7916.81.144.230.130.590&w=&wy=&x=&y=&xy=]]>
							</Tracking>

							<Tracking event='resume'>
								<![CDATA[http://t4.liverail.com/?metric=resume&pos=0&coid=135&pid=1331&nid=1331&oid=2291331&olid=2291331&cid=331&vid=&amid=&cc=default&pp=&vv=&tt=&sg=&tsg=&pmu=0&pau=0&psz=0&ctx=&tctx=&coty=0&url=http%3A%2F%2Fwww.iab.net%2Fguidelines%2F508676%2Fdigitalvideo%2Fvsuite%2Fvast%2Fvast_copy%2Fvast_xml_samples&cb=7916.81.144.230.130.590&w=&wy=&x=&y=&xy=]]>
							</Tracking>

							<Tracking event='fullscreen'>
								<![CDATA[http://t4.liverail.com/?metric=fullscreen&pos=0&coid=135&pid=1331&nid=1331&oid=2291331&olid=2291331&cid=331&vid=&amid=&cc=default&pp=&vv=&tt=&sg=&tsg=&pmu=0&pau=0&psz=0&ctx=&tctx=&coty=0&url=http%3A%2F%2Fwww.iab.net%2Fguidelines%2F508676%2Fdigitalvideo%2Fvsuite%2Fvast%2Fvast_copy%2Fvast_xml_samples&cb=7916.81.144.230.130.590&w=&wy=&x=&y=&xy=]]>
							</Tracking>

							<Tracking event='close'>
								<![CDATA[http://t4.liverail.com/?metric=close&pos=0&coid=135&pid=1331&nid=1331&oid=2291331&olid=2291331&cid=331&vid=&amid=&cc=default&pp=&vv=&tt=&sg=&tsg=&pmu=0&pau=0&psz=0&ctx=&tctx=&coty=0&url=http%3A%2F%2Fwww.iab.net%2Fguidelines%2F508676%2Fdigitalvideo%2Fvsuite%2Fvast%2Fvast_copy%2Fvast_xml_samples&cb=7916.81.144.230.130.590&w=&wy=&x=&y=&xy=]]>
							</Tracking>

							<Tracking event='acceptInvitation'>
								<![CDATA[http://t4.liverail.com/?metric=accept&pos=0&coid=135&pid=1331&nid=1331&oid=2291331&olid=2291331&cid=331&vid=&amid=&cc=default&pp=&vv=&tt=&sg=&tsg=&pmu=0&pau=0&psz=0&ctx=&tctx=&coty=0&url=http%3A%2F%2Fwww.iab.net%2Fguidelines%2F508676%2Fdigitalvideo%2Fvsuite%2Fvast%2Fvast_copy%2Fvast_xml_samples&cb=7916.81.144.230.130.590&w=&wy=&x=&y=&xy=]]>
							</Tracking>
						</TrackingEvents>

						<VideoClicks>
							<ClickThrough>
								<![CDATA[http://t4.liverail.com/?metric=clickthru&pos=0&coid=135&pid=1331&nid=1331&oid=2291331&olid=2291331&cid=331&vid=&amid=&cc=default&pp=&vv=&tt=&sg=&tsg=&pmu=0&pau=0&psz=0&ctx=&tctx=&coty=0&url=http%3A%2F%2Fwww.iab.net%2Fguidelines%2F508676%2Fdigitalvideo%2Fvsuite%2Fvast%2Fvast_copy%2Fvast_xml_samples&cb=7916.81.144.230.130.590&w=&wy=&x=&y=&xy=&redirect=http%3A%2F%2Fliverail.com%2F]]>
							</ClickThrough>
						</VideoClicks>

						<MediaFiles>
						  <MediaFile delivery='progressive' bitrate='400' width='640' height='480' type='video/x-mp4'>
								<![CDATA[ http://static.bouncingminds.com/ads/30secs/heinz_deli_mayo.mp4  ]]>
						  </MediaFile>
						</MediaFiles>
					</Linear>
				</Creative>

				<Creative sequence='2' id='332'>
					<CompanionAds>
						<Companion width='300' height='60'>
							<StaticResource creativeType='image/jpeg'>
								<![CDATA[http://cdn.liverail.com/adasset/229/331/300x60.jpg]]>
							</StaticResource>

							<TrackingEvents>
								<Tracking event='creativeView'>
									<![CDATA[http://t4.liverail.com/?metric=companion&pos=0&coid=135&pid=1331&nid=1331&oid=2291331&olid=2291331&cid=331&vid=&amid=&cc=default&pp=&vv=&tt=&sg=&tsg=&pmu=0&pau=0&psz=0&ctx=&tctx=&coty=0&url=http%3A%2F%2Fwww.iab.net%2Fguidelines%2F508676%2Fdigitalvideo%2Fvsuite%2Fvast%2Fvast_copy%2Fvast_xml_samples&cb=7916.81.144.230.130.590&w=&wy=&x=&y=&xy=]]>
								</Tracking>
							</TrackingEvents>

							<CompanionClickThrough>
								<![CDATA[http://t4.liverail.com/?metric=cclickthru&pos=0&coid=135&pid=1331&nid=1331&oid=2291331&olid=2291331&cid=331&vid=&amid=&cc=default&pp=&vv=&tt=&sg=&tsg=&pmu=0&pau=0&psz=0&ctx=&tctx=&coty=0&url=http%3A%2F%2Fwww.iab.net%2Fguidelines%2F508676%2Fdigitalvideo%2Fvsuite%2Fvast%2Fvast_copy%2Fvast_xml_samples&cb=7916.81.144.230.130.590&w=&wy=&x=&y=&xy=&redirect=http%3A%2F%2Fwww.liverail.com]]>
							</CompanionClickThrough>
						</Companion>

						<Companion width='300' height='250'>
							<StaticResource creativeType='image/jpeg'>
								<![CDATA[http://cdn.liverail.com/adasset/229/331/300x250.jpg]]>
							</StaticResource>

							<TrackingEvents>
								<Tracking event='creativeView'>
									<![CDATA[http://t4.liverail.com/?metric=companion&pos=0&coid=135&pid=1331&nid=1331&oid=2291331&olid=2291331&cid=331&vid=&amid=&cc=default&pp=&vv=&tt=&sg=&tsg=&pmu=0&pau=0&psz=0&ctx=&tctx=&coty=0&url=http%3A%2F%2Fwww.iab.net%2Fguidelines%2F508676%2Fdigitalvideo%2Fvsuite%2Fvast%2Fvast_copy%2Fvast_xml_samples&cb=7916.81.144.230.130.590&w=&wy=&x=&y=&xy=]]>
								</Tracking>
							</TrackingEvents>

							<CompanionClickThrough>
								<![CDATA[http://t4.liverail.com/?metric=cclickthru&pos=0&coid=135&pid=1331&nid=1331&oid=2291331&olid=2291331&cid=331&vid=&amid=&cc=default&pp=&vv=&tt=&sg=&tsg=&pmu=0&pau=0&psz=0&ctx=&tctx=&coty=0&url=http%3A%2F%2Fwww.iab.net%2Fguidelines%2F508676%2Fdigitalvideo%2Fvsuite%2Fvast%2Fvast_copy%2Fvast_xml_samples&cb=7916.81.144.230.130.590&w=&wy=&x=&y=&xy=&redirect=http%3A%2F%2Fwww.liverail.com]]>
							</CompanionClickThrough>
						</Companion>

						<Companion width='728' height='90'>
							<StaticResource creativeType='image/jpeg'>
								<![CDATA[http://cdn.liverail.com/adasset4/1331/229/331/e325b87ef48ec343e4a5d807f094fc39.jpg]]>
							</StaticResource>

							<TrackingEvents>
								<Tracking event='creativeView'>
									<![CDATA[http://t4.liverail.com/?metric=companion&pos=0&coid=135&pid=1331&nid=1331&oid=2291331&olid=2291331&cid=331&vid=&amid=&cc=default&pp=&vv=&tt=&sg=&tsg=&pmu=0&pau=0&psz=0&ctx=&tctx=&coty=0&url=http%3A%2F%2Fwww.iab.net%2Fguidelines%2F508676%2Fdigitalvideo%2Fvsuite%2Fvast%2Fvast_copy%2Fvast_xml_samples&cb=7916.81.144.230.130.590&w=&wy=&x=&y=&xy=]]>
								</Tracking>
							</TrackingEvents>

							<CompanionClickThrough>
								<![CDATA[http://t4.liverail.com/?metric=cclickthru&pos=0&coid=135&pid=1331&nid=1331&oid=2291331&olid=2291331&cid=331&vid=&amid=&cc=default&pp=&vv=&tt=&sg=&tsg=&pmu=0&pau=0&psz=0&ctx=&tctx=&coty=0&url=http%3A%2F%2Fwww.iab.net%2Fguidelines%2F508676%2Fdigitalvideo%2Fvsuite%2Fvast%2Fvast_copy%2Fvast_xml_samples&cb=7916.81.144.230.130.590&w=&wy=&x=&y=&xy=&redirect=http%3A%2F%2Fwww.liverail.com]]>
							</CompanionClickThrough>
						</Companion>
					</CompanionAds>
				</Creative>
			</Creatives>
		</InLine>
	</Ad>
	<Ad id='2291332'>
		<InLine>
			<AdSystem version='4.8.1-4+pl1'>LiveRail</AdSystem>

			<AdTitle>
				<![CDATA[LiveRail creative 1]]>
			</AdTitle>

			<Description>
				<![CDATA[]]>
			</Description>

			<Impression id='LR'>
				<![CDATA[http://t4.liverail.com/?metric=impression&pos=0&coid=135&pid=1331&nid=1331&oid=2291331&olid=2291331&cid=331&vid=&amid=&cc=default&pp=&vv=&tt=&sg=&tsg=&pmu=0&pau=0&psz=0&ctx=&tctx=&coty=0&url=http%3A%2F%2Fwww.iab.net%2Fguidelines%2F508676%2Fdigitalvideo%2Fvsuite%2Fvast%2Fvast_copy%2Fvast_xml_samples&cb=7916.81.144.230.130.590&w=&wy=&x=121&y=121&xy=0b79]]>
			</Impression>

			<Impression id='QC'>
				<![CDATA[http://pixel.quantserve.com/pixel/p-d05JkuPGiy-jY.gif?labels=inventory.1331,impression.2291331&r=7916]]>
			</Impression>

			<Impression id='CS'>
				<![CDATA[http://b.scorecardresearch.com/p?c1=1&c2=9864668&c3=1331&c4=&c5=09]]>
			</Impression>

			<Creatives>
				<Creative sequence='1' id='333'>
					<Linear>
						<Duration>00:00:10</Duration>

						<TrackingEvents>
							<Tracking event='firstQuartile'>
								<![CDATA[http://t4.liverail.com/?metric=view25&pos=0&coid=135&pid=1331&nid=1331&oid=2291331&olid=2291331&cid=331&vid=&amid=&cc=default&pp=&vv=&tt=&sg=&tsg=&pmu=0&pau=0&psz=0&ctx=&tctx=&coty=0&url=http%3A%2F%2Fwww.iab.net%2Fguidelines%2F508676%2Fdigitalvideo%2Fvsuite%2Fvast%2Fvast_copy%2Fvast_xml_samples&cb=7916.81.144.230.130.590&w=&wy=&x=&y=&xy=]]>
							</Tracking>

							<Tracking event='midpoint'>
								<![CDATA[http://t4.liverail.com/?metric=view50&pos=0&coid=135&pid=1331&nid=1331&oid=2291331&olid=2291331&cid=331&vid=&amid=&cc=default&pp=&vv=&tt=&sg=&tsg=&pmu=0&pau=0&psz=0&ctx=&tctx=&coty=0&url=http%3A%2F%2Fwww.iab.net%2Fguidelines%2F508676%2Fdigitalvideo%2Fvsuite%2Fvast%2Fvast_copy%2Fvast_xml_samples&cb=7916.81.144.230.130.590&w=&wy=&x=&y=&xy=]]>
							</Tracking>

							<Tracking event='thirdQuartile'>
								<![CDATA[http://t4.liverail.com/?metric=view75&pos=0&coid=135&pid=1331&nid=1331&oid=2291331&olid=2291331&cid=331&vid=&amid=&cc=default&pp=&vv=&tt=&sg=&tsg=&pmu=0&pau=0&psz=0&ctx=&tctx=&coty=0&url=http%3A%2F%2Fwww.iab.net%2Fguidelines%2F508676%2Fdigitalvideo%2Fvsuite%2Fvast%2Fvast_copy%2Fvast_xml_samples&cb=7916.81.144.230.130.590&w=&wy=&x=&y=&xy=]]>
							</Tracking>

							<Tracking event='complete'>
								<![CDATA[http://t4.liverail.com/?metric=view100&pos=0&coid=135&pid=1331&nid=1331&oid=2291331&olid=2291331&cid=331&vid=&amid=&cc=default&pp=&vv=&tt=&sg=&tsg=&pmu=0&pau=0&psz=0&ctx=&tctx=&coty=0&url=http%3A%2F%2Fwww.iab.net%2Fguidelines%2F508676%2Fdigitalvideo%2Fvsuite%2Fvast%2Fvast_copy%2Fvast_xml_samples&cb=7916.81.144.230.130.590&w=&wy=&x=&y=&xy=]]>
							</Tracking>

							<Tracking event='mute'>
								<![CDATA[http://t4.liverail.com/?metric=mute&pos=0&coid=135&pid=1331&nid=1331&oid=2291331&olid=2291331&cid=331&vid=&amid=&cc=default&pp=&vv=&tt=&sg=&tsg=&pmu=0&pau=0&psz=0&ctx=&tctx=&coty=0&url=http%3A%2F%2Fwww.iab.net%2Fguidelines%2F508676%2Fdigitalvideo%2Fvsuite%2Fvast%2Fvast_copy%2Fvast_xml_samples&cb=7916.81.144.230.130.590&w=&wy=&x=&y=&xy=]]>
							</Tracking>

							<Tracking event='unmute'>
								<![CDATA[http://t4.liverail.com/?metric=unmute&pos=0&coid=135&pid=1331&nid=1331&oid=2291331&olid=2291331&cid=331&vid=&amid=&cc=default&pp=&vv=&tt=&sg=&tsg=&pmu=0&pau=0&psz=0&ctx=&tctx=&coty=0&url=http%3A%2F%2Fwww.iab.net%2Fguidelines%2F508676%2Fdigitalvideo%2Fvsuite%2Fvast%2Fvast_copy%2Fvast_xml_samples&cb=7916.81.144.230.130.590&w=&wy=&x=&y=&xy=]]>
							</Tracking>

							<Tracking event='pause'>
								<![CDATA[http://t4.liverail.com/?metric=pause&pos=0&coid=135&pid=1331&nid=1331&oid=2291331&olid=2291331&cid=331&vid=&amid=&cc=default&pp=&vv=&tt=&sg=&tsg=&pmu=0&pau=0&psz=0&ctx=&tctx=&coty=0&url=http%3A%2F%2Fwww.iab.net%2Fguidelines%2F508676%2Fdigitalvideo%2Fvsuite%2Fvast%2Fvast_copy%2Fvast_xml_samples&cb=7916.81.144.230.130.590&w=&wy=&x=&y=&xy=]]>
							</Tracking>

							<Tracking event='resume'>
								<![CDATA[http://t4.liverail.com/?metric=resume&pos=0&coid=135&pid=1331&nid=1331&oid=2291331&olid=2291331&cid=331&vid=&amid=&cc=default&pp=&vv=&tt=&sg=&tsg=&pmu=0&pau=0&psz=0&ctx=&tctx=&coty=0&url=http%3A%2F%2Fwww.iab.net%2Fguidelines%2F508676%2Fdigitalvideo%2Fvsuite%2Fvast%2Fvast_copy%2Fvast_xml_samples&cb=7916.81.144.230.130.590&w=&wy=&x=&y=&xy=]]>
							</Tracking>

							<Tracking event='fullscreen'>
								<![CDATA[http://t4.liverail.com/?metric=fullscreen&pos=0&coid=135&pid=1331&nid=1331&oid=2291331&olid=2291331&cid=331&vid=&amid=&cc=default&pp=&vv=&tt=&sg=&tsg=&pmu=0&pau=0&psz=0&ctx=&tctx=&coty=0&url=http%3A%2F%2Fwww.iab.net%2Fguidelines%2F508676%2Fdigitalvideo%2Fvsuite%2Fvast%2Fvast_copy%2Fvast_xml_samples&cb=7916.81.144.230.130.590&w=&wy=&x=&y=&xy=]]>
							</Tracking>

							<Tracking event='close'>
								<![CDATA[http://t4.liverail.com/?metric=close&pos=0&coid=135&pid=1331&nid=1331&oid=2291331&olid=2291331&cid=331&vid=&amid=&cc=default&pp=&vv=&tt=&sg=&tsg=&pmu=0&pau=0&psz=0&ctx=&tctx=&coty=0&url=http%3A%2F%2Fwww.iab.net%2Fguidelines%2F508676%2Fdigitalvideo%2Fvsuite%2Fvast%2Fvast_copy%2Fvast_xml_samples&cb=7916.81.144.230.130.590&w=&wy=&x=&y=&xy=]]>
							</Tracking>

							<Tracking event='acceptInvitation'>
								<![CDATA[http://t4.liverail.com/?metric=accept&pos=0&coid=135&pid=1331&nid=1331&oid=2291331&olid=2291331&cid=331&vid=&amid=&cc=default&pp=&vv=&tt=&sg=&tsg=&pmu=0&pau=0&psz=0&ctx=&tctx=&coty=0&url=http%3A%2F%2Fwww.iab.net%2Fguidelines%2F508676%2Fdigitalvideo%2Fvsuite%2Fvast%2Fvast_copy%2Fvast_xml_samples&cb=7916.81.144.230.130.590&w=&wy=&x=&y=&xy=]]>
							</Tracking>
						</TrackingEvents>

						<VideoClicks>
							<ClickThrough>
								<![CDATA[http://t4.liverail.com/?metric=clickthru&pos=0&coid=135&pid=1331&nid=1331&oid=2291331&olid=2291331&cid=331&vid=&amid=&cc=default&pp=&vv=&tt=&sg=&tsg=&pmu=0&pau=0&psz=0&ctx=&tctx=&coty=0&url=http%3A%2F%2Fwww.iab.net%2Fguidelines%2F508676%2Fdigitalvideo%2Fvsuite%2Fvast%2Fvast_copy%2Fvast_xml_samples&cb=7916.81.144.230.130.590&w=&wy=&x=&y=&xy=&redirect=http%3A%2F%2Fliverail.com%2F]]>
							</ClickThrough>
						</VideoClicks>

						<MediaFiles>
						  <MediaFile delivery='progressive' bitrate='400' width='640' height='480' type='video/x-mp4'>
								<![CDATA[ http://static.bouncingminds.com/ads/30secs/country_life_butter.mp4  ]]>
						  </MediaFile>
						</MediaFiles>
					</Linear>
				</Creative>

				<Creative sequence='2' id='334'>
					<CompanionAds>
						<Companion width='300' height='60'>
							<StaticResource creativeType='image/jpeg'>
								<![CDATA[http://cdn.liverail.com/adasset/229/331/300x60.jpg]]>
							</StaticResource>

							<TrackingEvents>
								<Tracking event='creativeView'>
									<![CDATA[http://t4.liverail.com/?metric=companion&pos=0&coid=135&pid=1331&nid=1331&oid=2291331&olid=2291331&cid=331&vid=&amid=&cc=default&pp=&vv=&tt=&sg=&tsg=&pmu=0&pau=0&psz=0&ctx=&tctx=&coty=0&url=http%3A%2F%2Fwww.iab.net%2Fguidelines%2F508676%2Fdigitalvideo%2Fvsuite%2Fvast%2Fvast_copy%2Fvast_xml_samples&cb=7916.81.144.230.130.590&w=&wy=&x=&y=&xy=]]>
								</Tracking>
							</TrackingEvents>

							<CompanionClickThrough>
								<![CDATA[http://t4.liverail.com/?metric=cclickthru&pos=0&coid=135&pid=1331&nid=1331&oid=2291331&olid=2291331&cid=331&vid=&amid=&cc=default&pp=&vv=&tt=&sg=&tsg=&pmu=0&pau=0&psz=0&ctx=&tctx=&coty=0&url=http%3A%2F%2Fwww.iab.net%2Fguidelines%2F508676%2Fdigitalvideo%2Fvsuite%2Fvast%2Fvast_copy%2Fvast_xml_samples&cb=7916.81.144.230.130.590&w=&wy=&x=&y=&xy=&redirect=http%3A%2F%2Fwww.liverail.com]]>
							</CompanionClickThrough>
						</Companion>

						<Companion width='300' height='250'>
							<StaticResource creativeType='image/jpeg'>
								<![CDATA[http://cdn.liverail.com/adasset/229/331/300x250.jpg]]>
							</StaticResource>

							<TrackingEvents>
								<Tracking event='creativeView'>
									<![CDATA[http://t4.liverail.com/?metric=companion&pos=0&coid=135&pid=1331&nid=1331&oid=2291331&olid=2291331&cid=331&vid=&amid=&cc=default&pp=&vv=&tt=&sg=&tsg=&pmu=0&pau=0&psz=0&ctx=&tctx=&coty=0&url=http%3A%2F%2Fwww.iab.net%2Fguidelines%2F508676%2Fdigitalvideo%2Fvsuite%2Fvast%2Fvast_copy%2Fvast_xml_samples&cb=7916.81.144.230.130.590&w=&wy=&x=&y=&xy=]]>
								</Tracking>
							</TrackingEvents>

							<CompanionClickThrough>
								<![CDATA[http://t4.liverail.com/?metric=cclickthru&pos=0&coid=135&pid=1331&nid=1331&oid=2291331&olid=2291331&cid=331&vid=&amid=&cc=default&pp=&vv=&tt=&sg=&tsg=&pmu=0&pau=0&psz=0&ctx=&tctx=&coty=0&url=http%3A%2F%2Fwww.iab.net%2Fguidelines%2F508676%2Fdigitalvideo%2Fvsuite%2Fvast%2Fvast_copy%2Fvast_xml_samples&cb=7916.81.144.230.130.590&w=&wy=&x=&y=&xy=&redirect=http%3A%2F%2Fwww.liverail.com]]>
							</CompanionClickThrough>
						</Companion>

						<Companion width='728' height='90'>
							<StaticResource creativeType='image/jpeg'>
								<![CDATA[http://cdn.liverail.com/adasset4/1331/229/331/e325b87ef48ec343e4a5d807f094fc39.jpg]]>
							</StaticResource>

							<TrackingEvents>
								<Tracking event='creativeView'>
									<![CDATA[http://t4.liverail.com/?metric=companion&pos=0&coid=135&pid=1331&nid=1331&oid=2291331&olid=2291331&cid=331&vid=&amid=&cc=default&pp=&vv=&tt=&sg=&tsg=&pmu=0&pau=0&psz=0&ctx=&tctx=&coty=0&url=http%3A%2F%2Fwww.iab.net%2Fguidelines%2F508676%2Fdigitalvideo%2Fvsuite%2Fvast%2Fvast_copy%2Fvast_xml_samples&cb=7916.81.144.230.130.590&w=&wy=&x=&y=&xy=]]>
								</Tracking>
							</TrackingEvents>

							<CompanionClickThrough>
								<![CDATA[http://t4.liverail.com/?metric=cclickthru&pos=0&coid=135&pid=1331&nid=1331&oid=2291331&olid=2291331&cid=331&vid=&amid=&cc=default&pp=&vv=&tt=&sg=&tsg=&pmu=0&pau=0&psz=0&ctx=&tctx=&coty=0&url=http%3A%2F%2Fwww.iab.net%2Fguidelines%2F508676%2Fdigitalvideo%2Fvsuite%2Fvast%2Fvast_copy%2Fvast_xml_samples&cb=7916.81.144.230.130.590&w=&wy=&x=&y=&xy=&redirect=http%3A%2F%2Fwww.liverail.com]]>
							</CompanionClickThrough>
						</Companion>
					</CompanionAds>
				</Creative>
			</Creatives>
		</InLine>
	</Ad>
</VAST>

