<?xml version="1.0" encoding="UTF-8" ?>

<view xmlns="http://www.example.org/nagra">
	<label id="title" x="100" y="100" cssStyle="font-size:25" text="Example BTV Playback" />

	<label id="message" x="100" y="150" cssStyle="font-size:15" text="NOTE: Playback will not work on emulator."/>

	<label id="keys1" x="100" y="200" cssStyle="font-size:15" text="Scroll up and down to browse channels."/>
	<label id="keys2" x="100" y="220" cssStyle="font-size:15" text="Press OK to play."/>

	<group id="container" x="100" y="260" width="300" height="150">
		<clippedGroup id="group" width="300" height="150">
			<pivotList id="list" x="10" y="10" itemTemplate="TextItem" focusAtTop="false">
				<itemConfig movementPositions="0,-20;0,-10;0,15;0,65;0,95;0,115;0,125" opacityValues="0,0.5,1,0.5,0.3,0.2,0" />
			</pivotList>
		</clippedGroup>
	</group>
	<group id="playerGroup">
		<video id="player" x="450" y="150" width="600" height="400" href="display://0"/>
	</group>
</view>